Category,Insight,Evidence,Business_Impact,Recommendation
Content Mix,Netflix library consists of 69.7% Movies and 30.3% TV Shows,"Movies: 6,129, TV Shows: 2,664 out of 8,793 total titles",Shows Netflix prioritizes movies over TV series in their library,Monitor if this ratio aligns with viewer engagement - consider increasing TV shows if they drive more engagement per title
Genre Dominance,"Top 3 genres: International Movies, Dramas, and Comedies","International Movies: 2752 titles, Dramas: 2426 titles, Comedies: 1674 titles",These genres define Netflix's core content strategy and brand identity,Ensure strong representation in these genres while avoiding oversaturation
Genre Diversity,Netflix features 42 unique genre categories,From 42 distinct genre labels,Extensive categorization helps with content discovery and targeting niche audiences,Use this granular categorization for personalized recommendations
Geographic Distribution,United States dominates with 45.9% of content,"4,034 out of 8,793 titles are from US",Strong home market advantage but potential over-reliance on US content,Continue international expansion to reduce dependency on US market
International Growth,"Top international markets: India, United Kingdom, Canada","India: 1008 titles, United Kingdom: 627 titles, Canada: 271 titles",These are key growth markets for international expansion,Increase investment in local content for these markets
Global Presence,Content represents 85 countries worldwide,Titles from 85 different nations,Shows Netflix's commitment to global content strategy,Continue diversifying geographic representation
Growth Timeline,Netflix added content over 14 years (2008-2021),Content additions span from 2008 to 2021,Long-term consistent investment in content library,Maintain consistent content addition strategy
Growth Rate,Content additions grew by 6172% after 2016,"Pre-2016: 138 titles, Post-2016: 8655 titles",Major strategic shift towards aggressive content acquisition,Focus on quality control to match increased quantity
Peak Production,2019 was the peak year with 2016 titles added,Highest single-year content addition in Netflix history,Represents maximum content investment period,Analyze viewer engagement from peak years to inform future strategy
